<?xml version="1.0" encoding="UTF-8"?>
<!DOCTYPE suite SYSTEM "https://testng.org/testng-1.0.dtd">
<suite name="Suite" verbose="7">
  <test thread-count="2" name="Test" parallel="classes">
    <classes>
     
      
      <class name="executionClassForPageObjectModel.TestCase1CreateContacts"/>
     <class name="executionClassForPageObjectModel.TestCase2CreateLead"/>
      <class name="executionClassForPageObjectModel.TestCase3EditLead"/>
        <class name="executionClassForPageObjectModel.TestCase4DuplicateLead"/>
       <class name="executionClassForPageObjectModel.TestCase5DeleteLead"/>
    </classes>
  </test> <!-- Test -->
</suite> <!-- Suite -->
